{"cameraMode":{"drawMode":0,"name":"Shaded","section":"Shading Mode"},"sceneLighting":true,"audioPlay":false,"sceneViewState":{"m_AlwaysRefresh":false,"showFog":true,"showSkybox":true,"showFlares":true,"showImageEffects":true,"showParticleSystems":true,"showVisualEffectGraphs":true,"m_FxEnabled":true},"in2DMode":false,"pivot":{"x":17.139667510986329,"y":14.899219512939454,"z":2.3254735469818117},"rotation":{"x":-0.03094753436744213,"y":0.8800559639930725,"z":-0.47032544016838076,"w":-0.05790133774280548},"size":31.674522399902345,"orthographic":false}